{
  "A_1929-2025_iid": {
    "P5": 97410.67515193933,
    "P25": 273936.9936889879,
    "P50": 610348.301915444,
    "P75": 1369504.5585734504,
    "P95": 4410640.760796098,
    "mean": 1250834.3350286426,
    "p_below_median": 0.2384,
    "p_below_mean": 0.531
  },
  "B_1929-2025_iid": {
    "P5": 106942.58349664343,
    "P25": 322277.3880373094,
    "P50": 702323.7911694846,
    "P75": 1639476.7954010663,
    "P95": 5291060.064135634,
    "mean": 1507375.7129156669,
    "p_below_median": 0.1765,
    "p_below_mean": 0.4733
  },
  "C_1929-2025_iid": {
    "P5": 129391.70239115959,
    "P25": 380400.5286092283,
    "P50": 820480.8674613885,
    "P75": 1814873.1517494826,
    "P95": 5807692.185379738,
    "mean": 1673859.493582712,
    "p_below_median": 0.1244,
    "p_below_mean": 0.4104
  },
  "D_1929-2025_iid": {
    "P5": 155321.08056879294,
    "P25": 434156.36457116087,
    "P50": 935831.8540618068,
    "P75": 2068900.8290086507,
    "P95": 6715804.319702855,
    "mean": 1911934.8414480968,
    "p_below_median": 0.0895,
    "p_below_mean": 0.3598
  },
  "A_1929-2025_block": {
    "P5": 134366.08109511816,
    "P25": 339162.93972362275,
    "P50": 695741.7575254806,
    "P75": 1464060.037866366,
    "P95": 4306169.247943162,
    "mean": 1296596.5360286427,
    "p_below_median": 0.1744,
    "p_below_mean": 0.485
  },
  "B_1929-2025_block": {
    "P5": 160958.11416120126,
    "P25": 415208.7260332531,
    "P50": 853171.9168079519,
    "P75": 1783867.9400302959,
    "P95": 5098747.602606934,
    "mean": 1551050.9199704726,
    "p_below_median": 0.1145,
    "p_below_mean": 0.3961
  },
  "C_1929-2025_block": {
    "P5": 182344.68193028524,
    "P25": 473960.96983044664,
    "P50": 954540.4484729704,
    "P75": 1987555.76490372,
    "P95": 5730224.775300139,
    "mean": 1745874.0056708672,
    "p_below_median": 0.0719,
    "p_below_mean": 0.3462
  },
  "D_1929-2025_block": {
    "P5": 212075.1380805808,
    "P25": 561011.9271647638,
    "P50": 1104939.9900139184,
    "P75": 2290296.8476958745,
    "P95": 6345922.461678506,
    "mean": 1972902.1639973018,
    "p_below_median": 0.0485,
    "p_below_mean": 0.286
  },
  "A_1960-2025_iid": {
    "P5": 96850.13555526365,
    "P25": 250986.51378803665,
    "P50": 503236.908088014,
    "P75": 1034712.0249055689,
    "P95": 2921923.7137543918,
    "mean": 892513.71187335,
    "p_below_median": 0.2617,
    "p_below_mean": 0.6077
  },
  "B_1960-2025_iid": {
    "P5": 114421.39604558372,
    "P25": 298872.5623907472,
    "P50": 610981.8257658138,
    "P75": 1269046.0276011564,
    "P95": 3531681.1673494834,
    "mean": 1082082.4666548595,
    "p_below_median": 0.189,
    "p_below_mean": 0.5232
  },
  "C_1960-2025_iid": {
    "P5": 132686.10550696315,
    "P25": 350107.23227591295,
    "P50": 689490.1976006993,
    "P75": 1389370.369476917,
    "P95": 3838424.2560421936,
    "mean": 1204030.3127143567,
    "p_below_median": 0.1282,
    "p_below_mean": 0.4643
  },
  "D_1960-2025_iid": {
    "P5": 149688.57746481866,
    "P25": 399405.54237920174,
    "P50": 812502.2333133162,
    "P75": 1639137.6037136102,
    "P95": 4411940.306697585,
    "mean": 1393465.56049263,
    "p_below_median": 0.0942,
    "p_below_mean": 0.3962
  },
  "A_1960-2025_block": {
    "P5": 95056.68605425772,
    "P25": 228600.29463715715,
    "P50": 447518.6991401637,
    "P75": 878495.9911506575,
    "P95": 2388377.353260269,
    "mean": 757661.3103467125,
    "p_below_median": 0.295,
    "p_below_mean": 0.6577
  },
  "B_1960-2025_block": {
    "P5": 110727.86624042528,
    "P25": 273119.836366008,
    "P50": 535557.5162154716,
    "P75": 1051974.203001905,
    "P95": 2937187.305752725,
    "mean": 904659.6294516602,
    "p_below_median": 0.2114,
    "p_below_mean": 0.584
  },
  "C_1960-2025_block": {
    "P5": 129360.19532251412,
    "P25": 308472.82960180007,
    "P50": 589730.9249754853,
    "P75": 1159395.9028018552,
    "P95": 3252294.6521131597,
    "mean": 1004662.6531733597,
    "p_below_median": 0.1496,
    "p_below_mean": 0.5273
  },
  "D_1960-2025_block": {
    "P5": 156588.19427512193,
    "P25": 360371.05035736796,
    "P50": 692079.6362305807,
    "P75": 1357207.2115424788,
    "P95": 3798534.7870286284,
    "mean": 1165084.1829974034,
    "p_below_median": 0.0996,
    "p_below_mean": 0.4562
  }
}