{"mu_c": -0.011466875586569236, "sd_c": 0.004382891549710994, "lam0": 0.06248144289386168, "lam1": 0.16558320199855153, "Jmag": 0.034686890631432835, "Jsd": 0.014002149964879425, "pp0": 0.06850233141471193, "pp1": 0.489626882756946, "H": 28, "model": "compound_jump"}