{
 "baseline": {
  "gini": 0.8298282302946873,
  "p10": 450.0,
  "p50": 192700.0,
  "b50": 2.199283373971664,
  "t1": 35.113263327526106,
  "t10": 73.36768261619109,
  "zeroneg": 7.875073074943245
 },
 "floor": {
  "gini": 0.7430210702805311,
  "p10": 64787.35484868265,
  "p50": 380508.11537444656,
  "b50": 6.6943153599512275,
  "t1": 30.367950270910267,
  "t10": 65.14325411611938,
  "zeroneg": 1.497174804722077
 },
 "floor_dividend": {
  "gini": 0.7124971336231768,
  "p10": 92308.56303257542,
  "p50": 459330.3912504595,
  "b50": 8.18404558865859,
  "t1": 28.636780184436088,
  "t10": 62.12444328247879,
  "zeroneg": 0.9930517527814752
 },
 "decomposition": {
  "floor_pct": 74,
  "dividend_pct": 26
 },
 "compression_top1": {
  "0.25pp": 28.9,
  "0.50pp": 27.5,
  "0.75pp": 26.1
 },
 "bequest": {
  "bequeath_gt25k_cf_pct": 76,
  "bequeath_gt25k_cs_pct": 99,
  "inheritance_gini_cf": 0.825,
  "inheritance_gini_cs": 0.739,
  "persistence": "ordinary inheritance equalises on receipt but reverses in ~10y (Nekoei-Seim 2023; Elinder 2018): poor heirs deplete, rich earn higher returns. The CS floor is LOCKED (no depletion) and UNIFORM-return (no rich-heir advantage) -> the equalisation is permanent."
 },
 "robustness": {
  "per_household": {
   "gini": 0.7644007128743467,
   "p10": 48234.062698589536,
   "p50": 306160.15622743743,
   "b50": 5.803558213264367,
   "t1": 31.87503875174403,
   "t10": 67.59208117355597,
   "zeroneg": 1.7355421666335389
  },
  "crowding_out": {
   "gini": 0.7475126211665132,
   "p10": 64361.85446727017,
   "p50": 358348.9456472099,
   "b50": 6.781447849423109,
   "t1": 31.742821375883267,
   "t10": 66.37469300021993,
   "zeroneg": 1.497174804722077
  },
  "floor_minus20": {
   "gini": 0.7576614078017001,
   "p10": 53099.77474298211,
   "p50": 334524.16301160026,
   "b50": 5.968957476055601,
   "t1": 31.205098914139466,
   "t10": 66.5908781118244,
   "zeroneg": 1.8488775870163368
  }
 },
 "paper8_consistency": {
  "principal_pct": 19,
  "compound_pct": 81
 },
 "aggregate": {
  "floor_T": 23.0,
  "total_nw_T": 139.1,
  "floor_share_pct": 17
 }
}