{
  "params_A": {
    "N": 500,
    "K": 6,
    "p_rewire": 0.1,
    "s": 0.3,
    "T": 120,
    "seed": 42,
    "inj_frac": 0.1,
    "max_distance": 8
  },
  "A_tiers": {
    "hier": {
      "0": {
        "n": 1,
        "adv_pc": 7985.053067471225,
        "share": 0.2794783192080197
      },
      "1": {
        "n": 9,
        "adv_pc": 2013.3281962870233,
        "share": 0.634201699102227
      },
      "2": {
        "n": 25,
        "adv_pc": 737.7480001364919,
        "share": 0.6455328766603956
      },
      "3": {
        "n": 60,
        "adv_pc": 229.53896480511094,
        "share": 0.4820343474320613
      },
      "4": {
        "n": 128,
        "adv_pc": 28.945184899435777,
        "share": 0.12967510663143983
      },
      "5": {
        "n": 148,
        "adv_pc": -87.58974836046416,
        "share": -0.4537172697324935
      },
      "6": {
        "n": 102,
        "adv_pc": -152.194170045489,
        "share": -0.5433360290498859
      },
      "7": {
        "n": 26,
        "adv_pc": -186.5542495705354,
        "share": -0.16976525508772247
      },
      "8": {
        "n": 1,
        "adv_pc": -117.25067710356552,
        "share": -0.004103795164041947
      }
    },
    "unif": {
      "0": {
        "n": 1,
        "adv_pc": 81.01595960922896,
        "share": 0.0028355734181467213
      },
      "1": {
        "n": 9,
        "adv_pc": 54.58984506211558,
        "share": 0.017195891139839648
      },
      "2": {
        "n": 25,
        "adv_pc": 57.62010596212995,
        "share": 0.050417856433808424
      },
      "3": {
        "n": 60,
        "adv_pc": 57.70218231528814,
        "share": 0.1211752166843296
      },
      "4": {
        "n": 128,
        "adv_pc": 57.345286598998314,
        "share": 0.2569082277543375
      },
      "5": {
        "n": 148,
        "adv_pc": 57.13365775288348,
        "share": 0.2959538951840401
      },
      "6": {
        "n": 102,
        "adv_pc": 56.66488690588939,
        "share": 0.20229470438194141
      },
      "7": {
        "n": 26,
        "adv_pc": 56.88549039588343,
        "share": 0.051766067029183876
      },
      "8": {
        "n": 1,
        "adv_pc": 41.50172504380407,
        "share": 0.0014525679743727829
      }
    }
  },
  "A_scale": {
    "max_share_std_across_scales": 0.020836871173530724,
    "max_share_diff_hier_vs_uniform": 0.7496711649165335
  },
  "A_lam_sweep": {
    "0.0": {
      "near_pc": 5546.421841333553,
      "far_pc": 84.374309536842,
      "gradient": 5462.047531796711,
      "total": 179999.99999999988
    },
    "0.01": {
      "near_pc": 5289.934400488299,
      "far_pc": -38.49024880309586,
      "gradient": 5328.424649291394,
      "total": 101607.29303747896
    },
    "0.02": {
      "near_pc": 5159.9204939028505,
      "far_pc": -94.8440329346806,
      "gradient": 5254.764526837531,
      "total": 65456.832818398536
    },
    "0.05": {
      "near_pc": 4999.190631879124,
      "far_pc": -151.90246333705045,
      "gradient": 5151.093095216174,
      "total": 28571.279124975117
    },
    "0.1": {
      "near_pc": 4906.550114691519,
      "far_pc": -173.7763053086454,
      "gradient": 5080.326420000165,
      "total": 14333.589122233829
    },
    "0.2": {
      "near_pc": 4832.54908254975,
      "far_pc": -184.85461218271178,
      "gradient": 5017.403694732462,
      "total": 7187.514500278641
    },
    "0.5": {
      "near_pc": 4756.313143675261,
      "far_pc": -191.70398892901582,
      "gradient": 4948.017132604276,
      "total": 2906.6400845238422
    },
    "1.0": {
      "near_pc": 4715.174786630262,
      "far_pc": -194.0723148386603,
      "gradient": 4909.247101468923,
      "total": 1499.99999999976
    }
  },
  "A_rob_ordering": {
    "gradient": 4841.065283287103,
    "total": -2.3283064365386963e-10
  },
  "A_rob_seeds": {
    "7": {
      "gradient": 5557.457359811515
    },
    "123": {
      "gradient": 6374.586226749533
    },
    "2024": {
      "gradient": 5804.363078604462
    }
  },
  "A_rob_graph_family": {
    "42": {
      "gradient": 3349.402597165809,
      "max_dist": 4
    },
    "7": {
      "gradient": 3344.735742114346,
      "max_dist": 4
    }
  },
  "A5_mechanism": {
    "instant_price_gradient": 4841.065283287103,
    "instant_aggregate_windfall": -2.3283064365386963e-10,
    "dilution_proportional_haircut_pct": -9.090909090909093,
    "dilution_cross_tier_std_over_mean": 0.11139517028336937,
    "dilution_identity_max_err": 3.922195901395753e-12,
    "newmoney_proximity_corr": 0.6069992400544088,
    "reading": "At instant adjustment there are no stale-price purchases, yet the gradient persists. The price rise is a flat proportional real haircut on every agent's own consumption; the redistribution is entirely in which agents the new nominal money reaches first. Timing channel ruled out; dilution/first-recipient channel confirmed."
  },
  "B_grid": {
    "lam=0.07,s=0.11": {
      "lam_source": "Kehoe-Midrigan 14.5mo",
      "s_source": "M2-type velocity",
      "hier": {
        "near_pc": 6357.208478373342,
        "far_pc": -33.00340199350964,
        "gradient": 6390.211880366851,
        "total": 16023.16505459116
      },
      "unif": {
        "near_pc": 119.26608179871796,
        "far_pc": 26.653011785800068,
        "gradient": 92.61307001291789,
        "total": 16023.165054591223
      }
    },
    "lam=0.07,s=0.45": {
      "lam_source": "Kehoe-Midrigan 14.5mo",
      "s_source": "transactional velocity",
      "hier": {
        "near_pc": 7512.619317979295,
        "far_pc": 15.295181594227133,
        "gradient": 7497.324136385068,
        "total": 65549.31158696409
      },
      "unif": {
        "near_pc": 715.9307762727906,
        "far_pc": 90.65810848026484,
        "gradient": 625.2726677925257,
        "total": 65549.31158696393
      }
    },
    "lam=0.11,s=0.11": {
      "lam_source": "Nakamura-Steinsson 8-11mo",
      "s_source": "M2-type velocity",
      "hier": {
        "near_pc": 6164.357172944259,
        "far_pc": -39.557840105521166,
        "gradient": 6203.91501304978,
        "total": 10375.673361855617
      },
      "unif": {
        "near_pc": 56.03462813071134,
        "far_pc": 18.898473511920677,
        "gradient": 37.13615461879066,
        "total": 10375.673361855661
      }
    },
    "lam=0.11,s=0.45": {
      "lam_source": "Nakamura-Steinsson 8-11mo",
      "s_source": "transactional velocity",
      "hier": {
        "near_pc": 7118.275104110044,
        "far_pc": -11.804517431114506,
        "gradient": 7130.079621541158,
        "total": 42445.93648031857
      },
      "unif": {
        "near_pc": 428.32892757830666,
        "far_pc": 61.99494664155492,
        "gradient": 366.33398093675174,
        "total": 42445.93648031854
      }
    },
    "lam=0.23,s=0.11": {
      "lam_source": "Bils-Klenow 4.3mo",
      "s_source": "M2-type velocity",
      "hier": {
        "near_pc": 5933.822800328426,
        "far_pc": -46.04288437783532,
        "gradient": 5979.865684706261,
        "total": 4980.638519399294
      },
      "unif": {
        "near_pc": 0.16015164973267915,
        "far_pc": 11.109953252398405,
        "gradient": -10.949801602665726,
        "total": 4980.638519399326
      }
    },
    "lam=0.23,s=0.45": {
      "lam_source": "Bils-Klenow 4.3mo",
      "s_source": "transactional velocity",
      "hier": {
        "near_pc": 6657.804768795129,
        "far_pc": -37.20619024196876,
        "gradient": 6695.0109590370985,
        "total": 20375.339397542542
      },
      "unif": {
        "near_pc": 156.46535085517934,
        "far_pc": 34.23109601767766,
        "gradient": 122.23425483750168,
        "total": 20375.339397542513
      }
    }
  },
  "B_mix": {
    "mix_gradient": 4662.2202984420355,
    "hier_gradient": 6203.91501304978,
    "reduction_pct": 24.850351936879022
  }
}